<?xml version="1.0" encoding="UTF-8"?>
<project version="4">
  <component name="ChangeListManager">
    <list default="true" id="16051b00-6d4f-42dd-a100-f5cc678983a2" name="Default" comment="">
      <change afterPath="$PROJECT_DIR$/web/templates/chat.html" afterDir="false" />
      <change afterPath="$PROJECT_DIR$/web/templates/chat.js" afterDir="false" />
      <change beforePath="$PROJECT_DIR$/.idea/workspace.xml" beforeDir="false" afterPath="$PROJECT_DIR$/.idea/workspace.xml" afterDir="false" />
      <change beforePath="$PROJECT_DIR$/web/server.py" beforeDir="false" afterPath="$PROJECT_DIR$/web/server.py" afterDir="false" />
      <change beforePath="$PROJECT_DIR$/web/templates/index.html" beforeDir="false" afterPath="$PROJECT_DIR$/web/templates/index.html" afterDir="false" />
      <change beforePath="$PROJECT_DIR$/web/templates/login.html" beforeDir="false" afterPath="$PROJECT_DIR$/web/templates/login.html" afterDir="false" />
      <change beforePath="$PROJECT_DIR$/web/templates/login.js" beforeDir="false" afterPath="$PROJECT_DIR$/web/templates/login.js" afterDir="false" />
    </list>
    <option name="EXCLUDED_CONVERTED_TO_IGNORED" value="true" />
    <option name="TRACKING_ENABLED" value="true" />
    <option name="SHOW_DIALOG" value="false" />
    <option name="HIGHLIGHT_CONFLICTS" value="true" />
    <option name="HIGHLIGHT_NON_ACTIVE_CHANGELIST" value="false" />
    <option name="LAST_RESOLUTION" value="IGNORE" />
  </component>
  <component name="FileEditorManager">
    <leaf SIDE_TABS_SIZE_LIMIT_KEY="375">
      <file leaf-file-name="crud_users.html" pinned="false" current-in-tab="false">
        <entry file="file://$PROJECT_DIR$/web/templates/crud_users.html">
          <provider selected="true" editor-type-id="text-editor">
            <state relative-caret-position="210">
              <caret line="14" column="41" selection-start-line="14" selection-start-column="4" selection-end-line="14" selection-end-column="41" />
            </state>
          </provider>
        </entry>
      </file>
      <file leaf-file-name="crud_users.js" pinned="false" current-in-tab="false">
        <entry file="file://$PROJECT_DIR$/web/templates/crud_users.js">
          <provider selected="true" editor-type-id="text-editor">
            <state relative-caret-position="15">
              <caret line="1" column="42" selection-start-line="1" selection-start-column="37" selection-end-line="1" selection-end-column="42" />
            </state>
          </provider>
        </entry>
      </file>
      <file leaf-file-name="login.html" pinned="false" current-in-tab="false">
        <entry file="file://$PROJECT_DIR$/web/templates/login.html">
          <provider selected="true" editor-type-id="text-editor">
            <state relative-caret-position="105">
              <caret line="7" lean-forward="true" selection-start-line="5" selection-start-column="4" selection-end-line="7" />
              <folding>
                <element signature="n#style#0;n#img#0;n#div#0;n#body#0;n#html#0;n#!!top" expanded="true" />
                <element signature="n#style#0;n#img#1;n#div#0;n#body#0;n#html#0;n#!!top" expanded="true" />
                <element signature="n#style#0;n#img#2;n#div#0;n#body#0;n#html#0;n#!!top" expanded="true" />
              </folding>
            </state>
          </provider>
        </entry>
      </file>
      <file leaf-file-name="index.html" pinned="false" current-in-tab="false">
        <entry file="file://$PROJECT_DIR$/web/templates/index.html">
          <provider selected="true" editor-type-id="text-editor">
            <state relative-caret-position="249">
              <caret line="22" column="8" selection-start-line="22" selection-start-column="8" selection-end-line="22" selection-end-column="8" />
            </state>
          </provider>
        </entry>
      </file>
      <file leaf-file-name="server.py" pinned="false" current-in-tab="false">
        <entry file="file://$PROJECT_DIR$/web/server.py">
          <provider selected="true" editor-type-id="text-editor">
            <state relative-caret-position="208">
              <caret line="83" column="20" selection-start-line="83" selection-start-column="13" selection-end-line="83" selection-end-column="20" />
              <folding>
                <element signature="e#0#77#0" expanded="true" />
              </folding>
            </state>
          </provider>
        </entry>
      </file>
      <file leaf-file-name="login.js" pinned="false" current-in-tab="false">
        <entry file="file://$PROJECT_DIR$/web/templates/login.js">
          <provider selected="true" editor-type-id="text-editor">
            <state relative-caret-position="45">
              <caret line="3" column="8" selection-end-line="31" selection-end-column="5" />
            </state>
          </provider>
        </entry>
      </file>
      <file leaf-file-name="chat.html" pinned="false" current-in-tab="false">
        <entry file="file://$PROJECT_DIR$/web/templates/chat.html">
          <provider selected="true" editor-type-id="text-editor">
            <state relative-caret-position="363">
              <caret line="23" column="29" selection-start-line="23" selection-start-column="29" selection-end-line="23" selection-end-column="29" />
            </state>
          </provider>
        </entry>
      </file>
      <file leaf-file-name="chat.js" pinned="false" current-in-tab="true">
        <entry file="file://$PROJECT_DIR$/web/templates/chat.js">
          <provider selected="true" editor-type-id="text-editor">
            <state relative-caret-position="185">
              <caret line="29" column="48" selection-start-line="29" selection-start-column="48" selection-end-line="29" selection-end-column="48" />
            </state>
          </provider>
        </entry>
      </file>
    </leaf>
  </component>
  <component name="FileTemplateManagerImpl">
    <option name="RECENT_TEMPLATES">
      <list>
        <option value="HTML File" />
      </list>
    </option>
  </component>
  <component name="Git.Settings">
    <option name="RECENT_GIT_ROOT_PATH" value="$PROJECT_DIR$" />
  </component>
  <component name="IdeDocumentHistory">
    <option name="CHANGED_PATHS">
      <list>
        <option value="$PROJECT_DIR$/web/model/entities.py" />
        <option value="$PROJECT_DIR$/web/database/connector.py" />
        <option value="$PROJECT_DIR$/web/templates/crud_users.html" />
        <option value="$PROJECT_DIR$/web/templates/crud_users.js" />
        <option value="$PROJECT_DIR$/web/templates/success.html" />
        <option value="$PROJECT_DIR$/web/templates/fail.html" />
        <option value="$PROJECT_DIR$/web/templates/loign.js" />
        <option value="$PROJECT_DIR$/README.md" />
        <option value="$PROJECT_DIR$/web/templates/login.html" />
        <option value="$PROJECT_DIR$/web/templates/login.js" />
        <option value="$PROJECT_DIR$/web/server.py" />
        <option value="$PROJECT_DIR$/web/templates/index.html" />
        <option value="$PROJECT_DIR$/web/templates/chat.html" />
        <option value="$PROJECT_DIR$/web/templates/chat.js" />
      </list>
    </option>
  </component>
  <component name="ProjectFrameBounds">
    <option name="y" value="23" />
    <option name="width" value="1280" />
    <option name="height" value="726" />
  </component>
  <component name="ProjectView">
    <navigator proportions="" version="1">
      <foldersAlwaysOnTop value="true" />
    </navigator>
    <panes>
      <pane id="Scope" />
      <pane id="ProjectPane">
        <subPane>
          <expand>
            <path>
              <item name="code-on-demand" type="b2602c69:ProjectViewProjectNode" />
              <item name="code-on-demand" type="462c0819:PsiDirectoryNode" />
            </path>
            <path>
              <item name="code-on-demand" type="b2602c69:ProjectViewProjectNode" />
              <item name="code-on-demand" type="462c0819:PsiDirectoryNode" />
              <item name="web" type="462c0819:PsiDirectoryNode" />
            </path>
            <path>
              <item name="code-on-demand" type="b2602c69:ProjectViewProjectNode" />
              <item name="code-on-demand" type="462c0819:PsiDirectoryNode" />
              <item name="web" type="462c0819:PsiDirectoryNode" />
              <item name="static" type="462c0819:PsiDirectoryNode" />
            </path>
            <path>
              <item name="code-on-demand" type="b2602c69:ProjectViewProjectNode" />
              <item name="code-on-demand" type="462c0819:PsiDirectoryNode" />
              <item name="web" type="462c0819:PsiDirectoryNode" />
              <item name="static" type="462c0819:PsiDirectoryNode" />
              <item name="images" type="462c0819:PsiDirectoryNode" />
            </path>
            <path>
              <item name="code-on-demand" type="b2602c69:ProjectViewProjectNode" />
              <item name="code-on-demand" type="462c0819:PsiDirectoryNode" />
              <item name="web" type="462c0819:PsiDirectoryNode" />
              <item name="templates" type="462c0819:PsiDirectoryNode" />
            </path>
          </expand>
          <select />
        </subPane>
      </pane>
      <pane id="Course" />
    </panes>
  </component>
  <component name="PropertiesComponent">
    <property name="DefaultHtmlFileTemplate" value="HTML File" />
    <property name="SearchEverywhereHistoryKey" value="&#9;FILE&#9;file:///Users/jesus/Documents/GitHubEducation/cs2b01/uniform-interface/web/templates/login.html" />
    <property name="last_opened_file_path" value="$PROJECT_DIR$" />
  </component>
  <component name="RecentsManager">
    <key name="MoveFile.RECENT_KEYS">
      <recent name="$PROJECT_DIR$" />
    </key>
  </component>
  <component name="RunDashboard">
    <option name="ruleStates">
      <list>
        <RuleState>
          <option name="name" value="ConfigurationTypeDashboardGroupingRule" />
        </RuleState>
        <RuleState>
          <option name="name" value="StatusDashboardGroupingRule" />
        </RuleState>
      </list>
    </option>
  </component>
  <component name="RunManager">
    <configuration name="server" type="PythonConfigurationType" factoryName="Python" temporary="true">
      <module name="layered" />
      <option name="INTERPRETER_OPTIONS" value="" />
      <option name="PARENT_ENVS" value="true" />
      <envs>
        <env name="PYTHONUNBUFFERED" value="1" />
      </envs>
      <option name="SDK_HOME" value="" />
      <option name="WORKING_DIRECTORY" value="$PROJECT_DIR$/web" />
      <option name="IS_MODULE_SDK" value="true" />
      <option name="ADD_CONTENT_ROOTS" value="true" />
      <option name="ADD_SOURCE_ROOTS" value="true" />
      <option name="SCRIPT_NAME" value="$PROJECT_DIR$/web/server.py" />
      <option name="PARAMETERS" value="" />
      <option name="SHOW_COMMAND_LINE" value="false" />
      <option name="EMULATE_TERMINAL" value="false" />
      <option name="MODULE_MODE" value="false" />
    </configuration>
    <recent_temporary>
      <list>
        <item itemvalue="Python.server" />
      </list>
    </recent_temporary>
  </component>
  <component name="SvnConfiguration">
    <configuration />
  </component>
  <component name="TaskManager">
    <task active="true" id="Default" summary="Default task">
      <changelist id="16051b00-6d4f-42dd-a100-f5cc678983a2" name="Default" comment="" />
      <created>1558536507359</created>
      <option name="number" value="Default" />
      <option name="presentableId" value="Default" />
      <updated>1558536507359</updated>
    </task>
    <servers />
  </component>
  <component name="ToolWindowManager">
    <frame x="0" y="23" width="1280" height="726" extended-state="6" />
    <editor active="true" />
    <layout>
      <window_info content_ui="combo" id="Project" order="1" weight="0.23046875" />
      <window_info anchor="bottom" id="TODO" order="10" />
      <window_info anchor="bottom" id="Event Log" order="2" side_tool="true" />
      <window_info anchor="bottom" id="Version Control" order="0" />
      <window_info anchor="bottom" id="Python Console" order="1" />
      <window_info active="true" anchor="bottom" id="Run" order="7" visible="true" weight="0.3265306" />
      <window_info id="Structure" order="2" side_tool="true" weight="0.25" />
      <window_info anchor="bottom" id="Terminal" order="3" />
      <window_info id="Favorites" order="0" side_tool="true" />
      <window_info anchor="bottom" id="Debug" order="5" weight="0.39937598" />
      <window_info anchor="right" content_ui="combo" id="Hierarchy" order="2" weight="0.25" />
      <window_info anchor="right" id="Commander" internal_type="SLIDING" order="0" type="SLIDING" weight="0.4" />
      <window_info anchor="right" id="Ant Build" order="1" weight="0.25" />
      <window_info anchor="bottom" id="Message" order="4" />
      <window_info anchor="bottom" id="Inspection" order="9" weight="0.4" />
      <window_info anchor="bottom" id="Cvs" order="8" weight="0.25" />
      <window_info anchor="bottom" id="Find" order="6" />
    </layout>
    <layout-to-restore>
      <window_info anchor="right" content_ui="combo" id="Hierarchy" order="2" weight="0.25" />
      <window_info active="true" anchor="bottom" id="Run" order="7" visible="true" weight="0.3265306" />
      <window_info anchor="bottom" id="Cvs" order="8" weight="0.25" />
      <window_info content_ui="combo" id="Project" order="1" visible="true" weight="0.23046875" />
      <window_info id="Structure" order="2" side_tool="true" weight="0.25" />
      <window_info anchor="right" id="Commander" internal_type="SLIDING" order="0" type="SLIDING" weight="0.4" />
      <window_info anchor="right" id="Ant Build" order="1" weight="0.25" />
      <window_info anchor="bottom" id="TODO" order="10" />
      <window_info anchor="bottom" id="Find" order="6" />
      <window_info anchor="bottom" id="Python Console" order="1" />
      <window_info anchor="bottom" id="Debug" order="5" weight="0.39937598" />
      <window_info anchor="bottom" id="Terminal" order="3" />
      <window_info anchor="bottom" id="Event Log" order="2" side_tool="true" />
      <window_info anchor="bottom" id="Inspection" order="9" weight="0.4" />
      <window_info anchor="bottom" id="Version Control" order="0" />
      <window_info anchor="bottom" id="Message" order="4" />
      <window_info id="Favorites" order="0" side_tool="true" />
    </layout-to-restore>
  </component>
  <component name="VcsContentAnnotationSettings">
    <option name="myLimit" value="2678400000" />
  </component>
  <component name="XDebuggerManager">
    <breakpoint-manager>
      <option name="time" value="1" />
    </breakpoint-manager>
  </component>
  <component name="editorHistoryManager">
    <entry file="file://$PROJECT_DIR$/web/templates/index.html">
      <provider selected="true" editor-type-id="text-editor">
        <state relative-caret-position="300">
          <caret line="20" selection-start-line="20" selection-end-line="20" />
        </state>
      </provider>
    </entry>
    <entry file="file://$PROJECT_DIR$/web/server.py">
      <provider selected="true" editor-type-id="text-editor">
        <state relative-caret-position="915">
          <caret line="65" column="16" selection-start-line="65" selection-start-column="16" selection-end-line="65" selection-end-column="16" />
          <folding>
            <element signature="e#0#77#0" expanded="true" />
          </folding>
        </state>
      </provider>
    </entry>
    <entry file="file://$PROJECT_DIR$/web/templates/login.js">
      <provider selected="true" editor-type-id="text-editor">
        <state relative-caret-position="345">
          <caret line="23" column="31" lean-forward="true" selection-start-line="23" selection-start-column="31" selection-end-line="23" selection-end-column="31" />
        </state>
      </provider>
    </entry>
    <entry file="file://$PROJECT_DIR$/web/templates/crud_users.html">
      <provider selected="true" editor-type-id="text-editor">
        <state relative-caret-position="210">
          <caret line="14" column="41" selection-start-line="14" selection-start-column="4" selection-end-line="14" selection-end-column="41" />
        </state>
      </provider>
    </entry>
    <entry file="file://$PROJECT_DIR$/web/templates/crud_users.js">
      <provider selected="true" editor-type-id="text-editor">
        <state relative-caret-position="15">
          <caret line="1" column="42" selection-start-line="1" selection-start-column="37" selection-end-line="1" selection-end-column="42" />
        </state>
      </provider>
    </entry>
    <entry file="file://$PROJECT_DIR$/web/templates/login.html">
      <provider selected="true" editor-type-id="text-editor">
        <state relative-caret-position="315">
          <caret line="21" column="72" lean-forward="true" selection-start-line="21" selection-start-column="16" selection-end-line="21" selection-end-column="72" />
          <folding>
            <element signature="n#style#0;n#img#0;n#div#0;n#body#0;n#html#0;n#!!top" expanded="true" />
            <element signature="n#style#0;n#img#1;n#div#0;n#body#0;n#html#0;n#!!top" expanded="true" />
            <element signature="n#style#0;n#img#2;n#div#0;n#body#0;n#html#0;n#!!top" expanded="true" />
          </folding>
        </state>
      </provider>
    </entry>
    <entry file="file://$PROJECT_DIR$/web/templates/index.html">
      <provider selected="true" editor-type-id="text-editor">
        <state relative-caret-position="300">
          <caret line="20" selection-start-line="20" selection-end-line="20" />
        </state>
      </provider>
    </entry>
    <entry file="file://$PROJECT_DIR$/web/server.py">
      <provider selected="true" editor-type-id="text-editor">
        <state relative-caret-position="1155">
          <caret line="81" selection-start-line="64" selection-end-line="81" />
          <folding>
            <element signature="e#0#77#0" expanded="true" />
          </folding>
        </state>
      </provider>
    </entry>
    <entry file="file://$PROJECT_DIR$/web/templates/login.js">
      <provider selected="true" editor-type-id="text-editor">
        <state>
          <caret selection-end-line="24" selection-end-column="5" />
        </state>
      </provider>
    </entry>
    <entry file="file://$PROJECT_DIR$/web/model/entities.py">
      <provider selected="true" editor-type-id="text-editor">
        <state relative-caret-position="255">
          <caret line="19" column="7" selection-start-line="19" selection-start-column="7" selection-end-line="19" selection-end-column="7" />
          <folding>
            <element signature="e#0#78#0" expanded="true" />
          </folding>
        </state>
      </provider>
    </entry>
    <entry file="file://$PROJECT_DIR$/web/templates/crud_users.html">
      <provider selected="true" editor-type-id="text-editor">
        <state relative-caret-position="210">
          <caret line="14" column="41" lean-forward="true" selection-start-line="14" selection-start-column="4" selection-end-line="14" selection-end-column="41" />
        </state>
      </provider>
    </entry>
    <entry file="file://$PROJECT_DIR$/web/templates/crud_users.js">
      <provider selected="true" editor-type-id="text-editor">
        <state relative-caret-position="15">
          <caret line="1" column="42" selection-start-line="1" selection-start-column="37" selection-end-line="1" selection-end-column="42" />
        </state>
      </provider>
    </entry>
    <entry file="file://$PROJECT_DIR$/web/templates/index.html">
      <provider selected="true" editor-type-id="text-editor">
        <state relative-caret-position="300">
          <caret line="20" selection-start-line="20" selection-end-line="20" />
        </state>
      </provider>
    </entry>
    <entry file="file://$PROJECT_DIR$/web/server.py">
      <provider selected="true" editor-type-id="text-editor">
        <state relative-caret-position="915">
          <caret line="65" column="16" selection-start-line="65" selection-start-column="16" selection-end-line="65" selection-end-column="16" />
          <folding>
            <element signature="e#0#77#0" expanded="true" />
          </folding>
        </state>
      </provider>
    </entry>
    <entry file="file://$PROJECT_DIR$/web/templates/login.js">
      <provider selected="true" editor-type-id="text-editor">
        <state relative-caret-position="360">
          <caret line="24" column="5" selection-start-line="24" selection-start-column="5" selection-end-line="24" selection-end-column="5" />
        </state>
      </provider>
    </entry>
    <entry file="file://$PROJECT_DIR$/web/templates/login.html">
      <provider selected="true" editor-type-id="text-editor">
        <state relative-caret-position="90">
          <caret line="6" column="22" selection-start-line="6" selection-start-column="22" selection-end-line="6" selection-end-column="22" />
        </state>
      </provider>
    </entry>
    <entry file="file://$PROJECT_DIR$/web/database/connector.py">
      <provider selected="true" editor-type-id="text-editor">
        <state relative-caret-position="105">
          <caret line="11" column="46" selection-start-line="11" selection-start-column="42" selection-end-line="11" selection-end-column="46" />
        </state>
      </provider>
    </entry>
    <entry file="file://$PROJECT_DIR$/web/templates/crud_users.html">
      <provider selected="true" editor-type-id="text-editor">
        <state relative-caret-position="285">
          <caret line="19" column="10" selection-start-line="19" selection-start-column="10" selection-end-line="19" selection-end-column="10" />
        </state>
      </provider>
    </entry>
    <entry file="file://$PROJECT_DIR$/web/templates/crud_users.js">
      <provider selected="true" editor-type-id="text-editor">
        <state relative-caret-position="15">
          <caret line="1" column="36" selection-start-line="1" selection-start-column="32" selection-end-line="1" selection-end-column="36" />
        </state>
      </provider>
    </entry>
    <entry file="file://$PROJECT_DIR$/web/server.py">
      <provider selected="true" editor-type-id="text-editor">
        <state relative-caret-position="885">
          <caret line="62" selection-start-line="62" selection-end-line="62" />
          <folding>
            <element signature="e#0#77#0" expanded="true" />
          </folding>
        </state>
      </provider>
    </entry>
    <entry file="file://$PROJECT_DIR$/web/templates/index.html">
      <provider selected="true" editor-type-id="text-editor">
        <state relative-caret-position="270">
          <caret line="18" column="40" selection-start-line="18" selection-start-column="30" selection-end-line="18" selection-end-column="40" />
        </state>
      </provider>
    </entry>
    <entry file="file://$PROJECT_DIR$/web/model/entities.py">
      <provider selected="true" editor-type-id="text-editor">
        <state relative-caret-position="255">
          <caret line="19" column="7" selection-start-line="19" selection-start-column="7" selection-end-line="19" selection-end-column="7" />
          <folding>
            <element signature="e#0#78#0" expanded="true" />
          </folding>
        </state>
      </provider>
    </entry>
    <entry file="file://$PROJECT_DIR$/web/database/connector.py">
      <provider selected="true" editor-type-id="text-editor">
        <state relative-caret-position="105">
          <caret line="11" column="46" selection-start-line="11" selection-start-column="42" selection-end-line="11" selection-end-column="46" />
        </state>
      </provider>
    </entry>
    <entry file="file://$PROJECT_DIR$/web/templates/crud_users.html">
      <provider selected="true" editor-type-id="text-editor">
        <state relative-caret-position="285">
          <caret line="19" column="10" selection-start-line="19" selection-start-column="10" selection-end-line="19" selection-end-column="10" />
        </state>
      </provider>
    </entry>
    <entry file="file://$PROJECT_DIR$/web/templates/crud_users.js">
      <provider selected="true" editor-type-id="text-editor">
        <state relative-caret-position="15">
          <caret line="1" column="36" selection-start-line="1" selection-start-column="32" selection-end-line="1" selection-end-column="36" />
        </state>
      </provider>
    </entry>
    <entry file="file://$PROJECT_DIR$/web/server.py">
      <provider selected="true" editor-type-id="text-editor">
        <state relative-caret-position="885">
          <caret line="62" selection-start-line="62" selection-end-line="62" />
          <folding>
            <element signature="e#0#77#0" expanded="true" />
          </folding>
        </state>
      </provider>
    </entry>
    <entry file="file://$PROJECT_DIR$/web/templates/index.html">
      <provider selected="true" editor-type-id="text-editor">
        <state relative-caret-position="270">
          <caret line="18" column="40" selection-start-line="18" selection-start-column="30" selection-end-line="18" selection-end-column="40" />
        </state>
      </provider>
    </entry>
    <entry file="file://$PROJECT_DIR$/web/model/entities.py">
      <provider selected="true" editor-type-id="text-editor">
        <state relative-caret-position="255">
          <caret line="19" column="7" selection-start-line="19" selection-start-column="7" selection-end-line="19" selection-end-column="7" />
          <folding>
            <element signature="e#0#78#0" expanded="true" />
          </folding>
        </state>
      </provider>
    </entry>
    <entry file="file://$PROJECT_DIR$/web/database/connector.py">
      <provider selected="true" editor-type-id="text-editor">
        <state relative-caret-position="105">
          <caret line="11" column="46" selection-start-line="11" selection-start-column="42" selection-end-line="11" selection-end-column="46" />
        </state>
      </provider>
    </entry>
    <entry file="file://$PROJECT_DIR$/web/model/entities.py">
      <provider selected="true" editor-type-id="text-editor">
        <state relative-caret-position="255">
          <caret line="19" column="7" selection-start-line="19" selection-start-column="7" selection-end-line="19" selection-end-column="7" />
          <folding>
            <element signature="e#0#78#0" expanded="true" />
          </folding>
        </state>
      </provider>
    </entry>
    <entry file="file://$PROJECT_DIR$/web/templates/crud_users.html">
      <provider selected="true" editor-type-id="text-editor">
        <state relative-caret-position="285">
          <caret line="19" column="10" selection-start-line="19" selection-start-column="10" selection-end-line="19" selection-end-column="10" />
        </state>
      </provider>
    </entry>
    <entry file="file://$PROJECT_DIR$/web/templates/crud_users.js">
      <provider selected="true" editor-type-id="text-editor">
        <state relative-caret-position="105">
          <caret line="7" column="19" selection-start-line="7" selection-start-column="12" selection-end-line="7" selection-end-column="19" />
        </state>
      </provider>
    </entry>
    <entry file="file://$PROJECT_DIR$/web/templates/index.html">
      <provider selected="true" editor-type-id="text-editor">
        <state relative-caret-position="165">
          <caret line="11" column="13" lean-forward="true" selection-start-line="11" selection-start-column="13" selection-end-line="11" selection-end-column="13" />
        </state>
      </provider>
    </entry>
    <entry file="file://$PROJECT_DIR$/web/server.py">
      <provider selected="true" editor-type-id="text-editor">
        <state relative-caret-position="165">
          <caret line="14" column="23" selection-start-line="14" selection-start-column="23" selection-end-line="14" selection-end-column="23" />
          <folding>
            <element signature="e#0#77#0" expanded="true" />
          </folding>
        </state>
      </provider>
    </entry>
    <entry file="file://$PROJECT_DIR$/web/database/connector.py">
      <provider selected="true" editor-type-id="text-editor">
        <state relative-caret-position="330">
          <caret line="26" column="12" selection-start-line="26" selection-start-column="12" selection-end-line="26" selection-end-column="12" />
        </state>
      </provider>
    </entry>
    <entry file="file://$PROJECT_DIR$/web/model/entities.py">
      <provider selected="true" editor-type-id="text-editor">
        <state relative-caret-position="120">
          <caret line="10" lean-forward="true" selection-start-line="10" selection-end-line="10" />
          <folding>
            <element signature="e#0#78#0" expanded="true" />
          </folding>
        </state>
      </provider>
    </entry>
    <entry file="file://$PROJECT_DIR$/web/server.py">
      <provider selected="true" editor-type-id="text-editor">
        <state relative-caret-position="285">
          <caret line="22" column="30" selection-start-line="22" selection-start-column="13" selection-end-line="22" selection-end-column="30" />
          <folding>
            <element signature="e#0#77#0" expanded="true" />
          </folding>
        </state>
      </provider>
    </entry>
    <entry file="file://$PROJECT_DIR$/web/templates/index.html">
      <provider selected="true" editor-type-id="text-editor">
        <state relative-caret-position="300">
          <caret line="20" column="40" selection-start-line="20" selection-start-column="40" selection-end-line="20" selection-end-column="40" />
        </state>
      </provider>
    </entry>
    <entry file="file://$PROJECT_DIR$/web/database/connector.py">
      <provider selected="true" editor-type-id="text-editor">
        <state relative-caret-position="105">
          <caret line="11" column="46" selection-start-line="11" selection-start-column="42" selection-end-line="11" selection-end-column="46" />
        </state>
      </provider>
    </entry>
    <entry file="file://$PROJECT_DIR$/web/model/entities.py">
      <provider selected="true" editor-type-id="text-editor">
        <state relative-caret-position="255">
          <caret line="19" column="7" selection-start-line="19" selection-start-column="7" selection-end-line="19" selection-end-column="7" />
          <folding>
            <element signature="e#0#78#0" expanded="true" />
          </folding>
        </state>
      </provider>
    </entry>
    <entry file="file://$PROJECT_DIR$/web/templates/success.html" />
    <entry file="file://$PROJECT_DIR$/web/templates/fail.html" />
    <entry file="file://$PROJECT_DIR$/web/templates/login2.html" />
    <entry file="file://$PROJECT_DIR$/web/templates/crud_users.js">
      <provider selected="true" editor-type-id="text-editor">
        <state relative-caret-position="15">
          <caret line="1" column="42" selection-start-line="1" selection-start-column="37" selection-end-line="1" selection-end-column="42" />
        </state>
      </provider>
    </entry>
    <entry file="file://$PROJECT_DIR$/web/templates/crud_users.html">
      <provider selected="true" editor-type-id="text-editor">
        <state relative-caret-position="210">
          <caret line="14" column="41" selection-start-line="14" selection-start-column="4" selection-end-line="14" selection-end-column="41" />
        </state>
      </provider>
    </entry>
    <entry file="file://$PROJECT_DIR$/web/templates/index.html">
      <provider selected="true" editor-type-id="text-editor">
        <state relative-caret-position="249">
          <caret line="22" column="8" selection-start-line="22" selection-start-column="8" selection-end-line="22" selection-end-column="8" />
        </state>
      </provider>
    </entry>
    <entry file="file://$PROJECT_DIR$/web/templates/login.html">
      <provider selected="true" editor-type-id="text-editor">
        <state relative-caret-position="105">
          <caret line="7" lean-forward="true" selection-start-line="5" selection-start-column="4" selection-end-line="7" />
          <folding>
            <element signature="n#style#0;n#img#0;n#div#0;n#body#0;n#html#0;n#!!top" expanded="true" />
            <element signature="n#style#0;n#img#1;n#div#0;n#body#0;n#html#0;n#!!top" expanded="true" />
            <element signature="n#style#0;n#img#2;n#div#0;n#body#0;n#html#0;n#!!top" expanded="true" />
          </folding>
        </state>
      </provider>
    </entry>
    <entry file="file://$PROJECT_DIR$/web/templates/login.js">
      <provider selected="true" editor-type-id="text-editor">
        <state relative-caret-position="45">
          <caret line="3" column="8" selection-end-line="31" selection-end-column="5" />
        </state>
      </provider>
    </entry>
    <entry file="file://$PROJECT_DIR$/web/server.py">
      <provider selected="true" editor-type-id="text-editor">
        <state relative-caret-position="208">
          <caret line="83" column="20" selection-start-line="83" selection-start-column="13" selection-end-line="83" selection-end-column="20" />
          <folding>
            <element signature="e#0#77#0" expanded="true" />
          </folding>
        </state>
      </provider>
    </entry>
    <entry file="file://$PROJECT_DIR$/web/templates/chat.html">
      <provider selected="true" editor-type-id="text-editor">
        <state relative-caret-position="363">
          <caret line="23" column="29" selection-start-line="23" selection-start-column="29" selection-end-line="23" selection-end-column="29" />
        </state>
      </provider>
    </entry>
    <entry file="file://$PROJECT_DIR$/web/templates/chat.js">
      <provider selected="true" editor-type-id="text-editor">
        <state relative-caret-position="185">
          <caret line="29" column="48" selection-start-line="29" selection-start-column="48" selection-end-line="29" selection-end-column="48" />
        </state>
      </provider>
    </entry>
  </component>
</project>